case,split,planned,successful,failed,macro_n,restricted_micro_n,paired_n,macro_r2,restricted_micro_r2,flexible_micro_r2,paired_difference,mc_se,mc_ci95_low,mc_ci95_high,bootstrap_ci95_low,bootstrap_ci95_high,compression,selected_state_support_below_threshold,selection_families
additive_signal,entity_holdout,32,32,0,32,32,32,0.44510046135367515,0.7331475495866762,0.7298983410804171,-0.28804708823300096,0.008472127861416627,-0.3053253652745636,-0.2707688111914383,-0.3043397915878613,-0.2723170491061204,0.8253834195732555,0,"{""q3"": 32}"
correlated_treatments,entity_holdout,32,32,0,32,32,32,0.8037458042600026,0.8321459480549498,0.8299916220638424,-0.028400143794947156,0.0016678592953419463,-0.03180161924983305,-0.024998668340061262,-0.03159615253274021,-0.025181557899946323,0.8253834195732555,0,"{""q3"": 32}"
entity_fingerprint,entity_holdout,32,32,0,32,32,32,-0.08646512268640191,-1.5584072409265028,-1.5558175853458622,1.471942118240101,0.44093170566332307,0.5726945748271114,2.3711896616530903,0.6998351667315124,2.382918710385981,0.8898292039418635,0,"{""kmeans"": 5, ""q2"": 3, ""q3"": 24}"
entity_fingerprint,interpolation,32,32,0,32,32,32,-0.005771004670358688,0.7522212834207298,0.7501191936015009,-0.7579922880910885,0.009369100352323873,-0.7770998740677932,-0.7388847021143838,-0.7761461029639297,-0.7403811041498242,0.8857780868397356,0,"{""kmeans"": 9, ""q2"": 9, ""q3"": 14}"
iid_null,entity_holdout,32,32,0,32,32,32,-0.009488887679217562,-0.01121773137538807,-0.020477031846109817,0.0017288436961705074,0.0020970582351742513,-0.0025479511955407343,0.006005638587881749,-0.0022890703669953714,0.00568764141030535,0.8898292039418635,0,"{""kmeans"": 6, ""q2"": 3, ""q3"": 23}"
known_confounding,entity_holdout,32,32,0,32,32,32,0.9080997488225545,0.9669912461757374,0.9666592452931448,-0.05889149735318291,0.0014994301507435122,-0.06194947404720868,-0.055833520659157136,-0.061773391484277254,-0.0559833393124723,0.8253834195732555,0,"{""q3"": 32}"
nonlinear_threshold,entity_holdout,32,32,0,32,32,32,0.44609020975683744,0.310510973199931,0.30327774522752277,0.13557923655690649,0.00961001911452365,0.1159803146152719,0.15517815849854108,0.11623770811067723,0.15336354483212,0.8898292039418635,0,"{""q2"": 32}"
population_shift,forward_time,32,32,0,32,32,32,0.043886552099337464,0.6763231358266554,0.6676845267314528,-0.6324365837273179,0.01571759373575888,-0.6644914515758021,-0.6003817158788337,-0.6629022898691593,-0.6029055561171249,0.8220520973388163,0,"{""q3"": 32}"
rare_absent_states,entity_holdout,32,32,0,32,32,32,0.13840968510221796,0.1865773535418962,0.1766437803751501,-0.04816766843967822,0.005623038647888245,-0.05963543912997813,-0.03669989774937831,-0.05860186185281486,-0.03777796756148583,0.8394809349038884,0,"{""q2"": 3, ""q3"": 29}"
sign_interaction,entity_holdout,32,32,0,32,32,32,0.023987036116573792,-0.013644361317584754,0.2664149025608361,0.037631397434158546,0.005976889090382108,0.02544197498450167,0.049820819883815426,0.02643592768525862,0.049372810568430285,0.8878152731803445,0,"{""kmeans"": 14, ""q3"": 18}"
temporal_drift,forward_time,32,32,0,32,32,32,-1.6611472585117253,-2.094134122651704,-2.0937158979748216,0.43298686413997833,0.02207687727218978,0.3879627087021625,0.4780110195777942,0.3878318708690757,0.47396369007342865,0.8220520973388163,0,"{""q3"": 32}"
temporal_drift,interpolation,32,32,0,32,32,32,-0.012221441023975037,0.1461958576019217,0.1232555227083914,-0.15841729862589674,0.015576169320082225,-0.19018374185727493,-0.12665085539451854,-0.18800111663102775,-0.1289000365475182,0.8857780868397356,0,"{""kmeans"": 2, ""q2"": 2, ""q3"": 28}"
